{
  "samples_analyzed": 1500,
  "pii_hits": {
    "phone": 69,
    "email": 24,
    "credit_card": 9
  },
  "toxicity": {
    "avg": 0.00878127571195364,
    "max": 0.9331499934196472
  },
  "perplexity": {
    "avg": 45.93600599145889,
    "median": 35.464256286621094
  },
  "language_distribution": {
    "EN": 1500
  },
  "analysis_time_sec": 215.45
}