{
  "HTML": 23.14,
  "SHORT_ENGLISH": 7.76,
  "CODE_HEAVY": 20.971999999999998,
  "GOOD_ENGLISH": 40.568,
  "NON_ENGLISH_LANG": 7.5600000000000005
}