{
  "NON_ENGLISH_LANG": 7.4719999999999995,
  "GOOD_ENGLISH": 40.332,
  "HTML": 24.016000000000002,
  "CODE_HEAVY": 20.952,
  "SHORT_ENGLISH": 7.228
}