{
  "docs_counted": 107320,
  "avg_tokens": 437.2608460678345,
  "median_tokens": 203.0,
  "p95_tokens": 1376.0,
  "p99_tokens": 4184.239999999991,
  "max_tokens": 14150
}